<?xml version="1.0" encoding="UTF-8"?>
<project-private xmlns="http://www.netbeans.org/ns/project-private/1">
    <editor-bookmarks xmlns="http://www.netbeans.org/ns/editor-bookmarks/2" lastBookmarkId="0"/>
    <open-files xmlns="http://www.netbeans.org/ns/projectui-open-files/2">
        <group>
            <file>file:/C:/Users/aaron/TiComs/src/edu/gonzaga/subcoms/TiComs.java</file>
            <file>file:/C:/Users/aaron/TiComs/src/edu/gonzaga/subcoms/ConsolePanel.java</file>
            <file>file:/C:/Users/aaron/TiComs/src/edu/gonzaga/subcoms/GraphPanel.java</file>
            <file>file:/C:/Users/aaron/TiComs/src/edu/gonzaga/subcoms/BatteryPanel.java</file>
            <file>file:/C:/Users/aaron/TiComs/src/edu/gonzaga/subcoms/TextAreaOutputStream.java</file>
            <file>file:/C:/Users/aaron/TiComs/src/edu/gonzaga/subcoms/CompassPanel.java</file>
            <file>file:/C:/Users/aaron/TiComs/src/edu/gonzaga/subcoms/PIDPanel.java</file>
        </group>
    </open-files>
</project-private>
